review_id,product_id,user_id,rating,review_text,timestamp
R1660,P10,U4625,5,poor fast excellent excellent amazing fast good bad average excellent,2021-06-04
R2003,P10,U2759,1,amazing excellent slow fast fast excellent amazing amazing excellent bad,2022-12-22
R2478,P10,U4393,4,poor amazing slow poor slow average fast poor poor amazing,2020-11-11
R4722,P10,U1574,1,excellent average slow fast average average poor average average bad,2022-01-09
R4870,P10,U1235,3,bad fast amazing good slow bad bad slow good good,2023-01-08
R6689,P10,U4243,3,average amazing amazing good slow average fast average amazing slow,2021-05-26
R7341,P10,U228,5,poor poor amazing good bad good amazing amazing good average,2024-07-17
R7608,P10,U4927,4,average slow slow good fast bad excellent poor excellent fast,2023-05-22
R9831,P10,U172,1,average good slow fast excellent slow slow excellent excellent amazing,2024-01-12
R11688,P10,U2411,1,slow good fast excellent average fast slow fast slow slow,2020-03-01
R11894,P10,U2200,1,poor amazing slow excellent slow amazing good poor fast fast,2021-04-18
R14348,P10,U4629,1,bad slow bad bad fast poor good fast slow slow,2023-08-12
R15633,P10,U1974,5,good poor amazing slow amazing excellent good poor excellent average,2021-01-05
R17070,P10,U3957,2,fast poor fast poor fast average poor average fast bad,2022-04-23
R19696,P10,U4849,2,good good average amazing average bad average excellent amazing slow,2021-06-10
R20016,P10,U530,3,good amazing poor bad good amazing average average good fast,2024-06-28
R21566,P10,U3019,3,bad good average amazing excellent bad slow poor bad poor,2023-11-21
R24177,P10,U3106,1,excellent bad amazing poor average slow excellent slow good poor,2020-04-25
R24889,P10,U4220,2,average fast bad bad fast poor poor slow fast poor,2022-05-08
R28120,P10,U1579,4,bad bad average poor bad fast average bad fast slow,2023-12-30
R28263,P10,U107,5,amazing poor good fast bad amazing slow slow excellent amazing,2023-01-14
R28267,P10,U233,3,good poor fast poor amazing slow average excellent fast amazing,2022-12-28
R31877,P10,U670,2,fast amazing excellent amazing bad good average excellent good average,2024-07-26
R34576,P10,U2745,4,excellent good excellent excellent good poor fast good good amazing,2020-11-01
R37667,P10,U2972,4,amazing good good average amazing amazing poor good slow slow,2024-03-07
R37730,P10,U1580,3,slow excellent amazing excellent amazing bad slow bad fast slow,2024-05-01
R37857,P10,U2074,1,bad amazing average fast bad poor bad amazing average fast,2022-03-03
R38466,P10,U3074,3,excellent bad poor excellent amazing amazing poor fast poor fast,2021-10-18
R39421,P10,U1859,1,good good fast slow slow fast slow slow poor fast,2022-05-02
R40151,P10,U3671,1,excellent average amazing fast good fast good slow slow average,2023-09-03
R42313,P10,U3626,4,fast bad poor excellent average amazing amazing excellent good good,2021-12-07
R42490,P10,U773,4,average average fast excellent excellent bad amazing amazing bad fast,2022-10-08
R42731,P10,U2232,1,bad poor slow excellent amazing excellent fast bad average poor,2020-01-17
R42918,P10,U2643,3,excellent poor fast good good bad good average poor average,2025-02-03
R46063,P10,U437,1,bad average excellent average good slow good excellent good excellent,2021-08-03
R46213,P10,U918,1,excellent average excellent bad slow amazing amazing average fast excellent,2021-06-07
R46754,P10,U223,3,good slow poor bad excellent average slow fast good fast,2022-12-07
R48166,P10,U396,2,amazing average average good good good average excellent fast bad,2023-03-21
R49586,P10,U506,1,average amazing amazing average average bad average good poor excellent,2025-06-14
R50221,P10,U1841,3,bad average good bad fast poor excellent bad bad average,2025-02-08
R51779,P10,U1565,4,bad bad bad average fast good amazing amazing average amazing,2023-03-12
R52328,P10,U2166,3,fast slow average good slow amazing poor good poor average,2022-04-17
R52354,P10,U1740,5,slow poor fast good excellent good bad bad poor poor,2021-01-05
R54386,P10,U379,4,amazing excellent bad average good amazing good slow poor excellent,2020-04-28
R55368,P10,U719,3,slow average average good bad bad slow amazing average average,2023-07-11
R55456,P10,U3415,5,slow amazing fast slow fast fast amazing fast slow average,2023-08-10
R57161,P10,U4707,5,average bad excellent excellent poor fast good poor excellent fast,2020-12-05
R58217,P10,U2904,5,poor amazing fast poor slow amazing good average amazing amazing,2022-02-10
R58394,P10,U2080,1,excellent excellent excellent average good average fast excellent bad excellent,2023-10-04
R58829,P10,U2944,4,fast slow fast bad bad poor average bad excellent fast,2020-06-08
R59740,P10,U599,5,excellent amazing bad bad bad good slow fast amazing slow,2022-05-14
R59895,P10,U4930,1,good amazing good bad poor amazing poor poor excellent average,2020-12-05
R60628,P10,U4610,5,good excellent average excellent average amazing bad excellent poor amazing,2021-07-21
R62117,P10,U2054,2,fast fast excellent fast slow bad good average average amazing,2023-07-31
R62618,P10,U459,2,amazing excellent excellent slow good poor amazing poor average excellent,2024-02-21
R63716,P10,U4053,1,poor amazing excellent average bad slow slow bad slow slow,2021-11-10
R64607,P10,U3640,2,amazing fast good fast excellent amazing good slow poor poor,2022-12-18
R64737,P10,U1320,4,average poor amazing poor poor average bad amazing excellent good,2021-03-02
R65556,P10,U2810,3,amazing amazing amazing fast poor slow excellent poor poor poor,2022-07-29
R66311,P10,U2659,4,average bad bad average good slow fast average fast good,2025-03-11
R66327,P10,U3979,2,good poor average average average average good excellent good amazing,2023-09-05
R66711,P10,U217,5,bad good average good poor average excellent excellent excellent poor,2022-12-14
R67620,P10,U1541,3,good average excellent good poor amazing average fast excellent average,2020-02-05
R67664,P10,U352,2,amazing poor excellent poor bad fast amazing good bad poor,2024-06-03
R68762,P10,U2210,5,slow fast slow poor poor amazing bad amazing fast fast,2023-06-22
R69208,P10,U1205,5,slow amazing fast amazing poor amazing excellent poor excellent poor,2020-08-05
R72056,P10,U775,2,poor excellent good good good fast average fast poor good,2022-07-26
R72797,P10,U1235,2,average good excellent good fast average excellent bad slow amazing,2025-02-22
R74176,P10,U2082,5,fast good slow bad excellent excellent poor bad good amazing,2022-05-27
R74443,P10,U2022,1,excellent excellent average fast bad poor fast amazing average amazing,2020-05-22
R74654,P10,U3547,1,good bad amazing poor fast average amazing poor amazing good,2022-12-14
R74825,P10,U4796,1,excellent bad average poor fast good fast bad poor fast,2025-04-27
R75150,P10,U829,2,good excellent average amazing bad slow excellent slow amazing amazing,2023-05-02
R76848,P10,U4481,1,slow average fast bad good average slow good bad good,2024-03-31
R77199,P10,U2601,2,amazing poor good amazing fast excellent slow bad fast excellent,2024-12-12
R79027,P10,U3320,3,amazing excellent amazing bad amazing poor excellent average amazing fast,2020-03-31
R79901,P10,U3836,2,fast average slow slow good average average bad average average,2020-09-06
R80882,P10,U1269,5,slow amazing slow poor poor excellent fast slow slow excellent,2024-11-01
R82341,P10,U4078,4,fast slow bad average poor bad poor fast bad average,2021-09-09
R82413,P10,U4524,2,poor average poor excellent good amazing slow bad good bad,2024-02-11
R82499,P10,U4869,5,average excellent fast average average excellent slow fast good fast,2023-05-14
R82685,P10,U3814,2,amazing bad average amazing poor good average good poor amazing,2024-12-13
R83497,P10,U478,3,amazing average good slow amazing slow good fast slow amazing,2025-03-14
R83561,P10,U1239,4,excellent good average amazing poor poor fast bad slow excellent,2025-05-22
R83606,P10,U4365,2,fast good poor average fast poor poor amazing average bad,2024-12-04
R86659,P10,U4029,4,amazing slow amazing fast fast fast poor amazing average bad,2020-01-27
R90156,P10,U2086,4,good amazing poor slow good excellent fast slow excellent fast,2020-01-16
R91687,P10,U2909,4,bad slow average excellent slow poor fast excellent poor good,2021-11-17
R93268,P10,U4374,2,average slow amazing average amazing good slow fast fast fast,2021-11-12
R93858,P10,U905,5,excellent good slow excellent fast poor bad poor poor excellent,2021-10-29
R95616,P10,U1987,1,fast excellent fast good average good fast poor excellent poor,2024-05-30
R96060,P10,U4996,2,slow excellent bad excellent poor average excellent poor excellent good,2022-04-27
R97059,P10,U4755,1,average slow fast excellent amazing excellent good good slow slow,2023-04-30
R98499,P10,U4183,3,fast slow excellent slow bad fast excellent bad bad average,2021-03-21
R98952,P10,U3427,3,fast bad amazing good amazing poor bad fast bad bad,2023-06-27
R99682,P10,U4966,2,average fast average average average slow poor bad poor slow,2023-07-04
R100843,P10,U1067,3,excellent amazing poor amazing bad fast good bad fast poor,2025-03-02
R101204,P10,U487,4,excellent good bad slow slow average poor fast good bad,2022-02-26
R101436,P10,U1913,3,slow bad bad poor excellent average fast fast bad slow,2023-07-03
R101447,P10,U1981,4,bad slow good good good bad amazing excellent amazing slow,2020-03-02
R103155,P10,U4749,1,good average good good poor bad fast slow slow bad,2024-10-13
R103543,P10,U4399,4,bad fast amazing slow excellent slow fast amazing average good,2023-05-05
R103998,P10,U3680,4,average fast fast good bad excellent amazing average bad slow,2020-03-08
R104635,P10,U2285,2,fast slow poor slow amazing bad poor good fast slow,2023-05-08
R105104,P10,U3088,3,fast slow amazing average poor bad fast good excellent slow,2023-03-02
R105126,P10,U1460,3,bad good fast bad poor fast poor bad good bad,2022-06-08
R105273,P10,U1674,4,slow average slow poor slow fast fast good good fast,2022-10-29
R105916,P10,U547,3,bad poor excellent excellent amazing excellent slow excellent average excellent,2023-08-08
R106083,P10,U4542,5,poor amazing average slow slow slow excellent excellent slow bad,2022-04-08
R106236,P10,U2240,2,slow bad slow bad fast fast good average excellent slow,2022-05-04
R111935,P10,U2675,4,bad average average bad bad slow average excellent bad excellent,2022-09-24
R112476,P10,U2010,1,slow average good bad fast excellent excellent good bad good,2024-11-18
R112801,P10,U1562,2,excellent amazing excellent poor bad bad amazing poor excellent good,2024-09-04
R113313,P10,U2814,5,poor slow slow poor poor poor amazing fast amazing good,2022-10-23
R113342,P10,U515,1,good good amazing slow bad slow slow amazing average poor,2024-03-04
R113497,P10,U4550,2,average fast slow amazing fast excellent amazing fast fast amazing,2025-03-03
R117563,P10,U928,4,poor average bad excellent amazing good slow poor good average,2021-09-09
R117758,P10,U2216,3,bad amazing bad fast amazing poor slow good bad amazing,2024-09-14
R120891,P10,U4030,3,average good excellent fast average bad excellent excellent excellent amazing,2025-04-07
R121594,P10,U364,3,bad slow amazing average amazing average average average poor poor,2022-08-17
R123010,P10,U3415,1,bad poor average excellent amazing bad poor fast good good,2023-03-28
R126689,P10,U446,2,slow amazing amazing fast excellent slow poor slow good slow,2025-05-06
R126775,P10,U2682,2,slow bad amazing amazing amazing bad fast poor good poor,2022-03-16
R127268,P10,U1842,1,poor average fast bad excellent average fast fast fast bad,2024-08-14
R127913,P10,U3505,3,average average average average good poor poor fast bad excellent,2021-04-19
R129075,P10,U3009,5,slow excellent fast good amazing amazing fast slow excellent excellent,2020-07-10
R129867,P10,U58,3,slow good amazing slow slow average amazing slow average bad,2020-05-13
R129907,P10,U3012,4,slow excellent fast poor average average excellent fast slow average,2023-02-24
R132209,P10,U3576,3,slow good excellent bad poor fast slow fast slow poor,2024-05-09
R137765,P10,U4256,1,average slow excellent average slow average poor poor fast average,2021-10-25
R139886,P10,U1075,1,fast good slow average bad excellent fast excellent good amazing,2021-12-15
R141403,P10,U1770,3,poor amazing amazing fast poor average slow poor bad good,2023-01-05
R142619,P10,U4504,2,average amazing slow poor fast fast good poor fast bad,2021-02-11
R144637,P10,U1967,2,bad good average fast excellent fast amazing poor amazing average,2020-01-15
R145804,P10,U1595,3,fast fast excellent amazing fast slow average excellent amazing fast,2022-06-11
R145905,P10,U4885,2,amazing fast bad poor fast excellent good good amazing poor,2024-05-06
R146113,P10,U4543,2,good bad bad slow slow bad amazing average slow amazing,2020-03-31
R147516,P10,U1471,5,average fast poor slow average bad fast poor amazing poor,2020-05-05
R150778,P10,U3659,4,poor bad average excellent excellent slow excellent good excellent excellent,2021-12-30
R151457,P10,U1931,1,poor average average bad slow average amazing poor amazing average,2020-01-06
R151669,P10,U3563,2,good excellent average slow slow amazing poor average amazing bad,2020-09-02
R151703,P10,U1712,5,bad amazing fast slow average amazing poor amazing good poor,2020-08-17
R152044,P10,U1927,3,excellent good excellent excellent bad average amazing average poor excellent,2025-05-16
R152067,P10,U2490,2,excellent average average excellent slow good fast amazing excellent slow,2023-08-10
R152177,P10,U3413,4,slow good excellent poor amazing average bad slow average amazing,2021-12-01
R152770,P10,U778,5,poor bad fast good good average amazing slow good bad,2020-08-24
R154174,P10,U4085,5,slow average amazing slow fast bad poor amazing average poor,2022-12-13
R154294,P10,U920,4,fast bad good good fast bad fast excellent excellent excellent,2021-07-03
R154799,P10,U1033,2,bad poor good amazing good poor excellent amazing bad slow,2025-01-26
R155788,P10,U250,4,bad amazing average average excellent poor bad amazing bad slow,2022-04-21
R156764,P10,U3494,1,good good excellent fast fast average bad good average average,2022-03-11
R156817,P10,U2114,5,fast excellent poor good amazing fast good excellent slow poor,2020-08-26
R157550,P10,U1504,3,amazing fast excellent bad slow amazing excellent fast amazing good,2020-08-30
R158249,P10,U2655,5,fast excellent bad slow fast fast poor poor amazing good,2020-06-05
R158359,P10,U362,1,slow slow average bad slow average fast slow good excellent,2021-06-20
R160507,P10,U1215,2,slow poor amazing excellent slow excellent fast average bad poor,2020-07-07
R160657,P10,U3091,3,amazing fast average poor excellent average poor slow slow good,2020-08-07
R163185,P10,U4356,4,average excellent average poor slow amazing poor amazing good bad,2024-11-26
R164559,P10,U3508,4,slow bad good average slow amazing bad excellent amazing good,2024-06-05
R164700,P10,U3373,2,poor average average average bad fast fast amazing bad poor,2021-06-09
R167793,P10,U2997,2,average average good average average amazing poor average excellent average,2022-09-21
R168122,P10,U653,3,bad bad excellent slow amazing poor fast average bad slow,2022-03-01
R168257,P10,U1342,1,amazing average excellent amazing excellent excellent good good fast slow,2021-10-12
R171137,P10,U3674,5,poor average poor fast poor slow excellent amazing excellent average,2021-05-27
R171583,P10,U8,2,bad amazing fast good bad average poor excellent slow average,2024-07-08
R174708,P10,U1699,1,excellent bad fast slow slow average poor excellent amazing excellent,2021-08-27
R174834,P10,U4690,5,average average amazing bad excellent poor slow fast bad fast,2020-08-15
R176238,P10,U3366,3,slow bad slow fast slow fast bad poor amazing average,2020-03-28
R176734,P10,U455,1,average slow slow amazing bad bad poor excellent average fast,2020-11-05
R177435,P10,U1590,1,average poor bad good poor poor amazing good average bad,2021-01-04
R183391,P10,U2145,5,bad slow average average poor fast bad amazing good good,2024-04-02
R183806,P10,U1751,3,excellent amazing amazing slow bad poor bad fast amazing amazing,2024-08-17
R184127,P10,U4224,4,poor bad bad poor good bad amazing bad bad poor,2020-09-16
R184543,P10,U4319,2,fast fast good bad excellent poor excellent fast bad poor,2023-06-12
R184874,P10,U3923,1,fast poor bad good slow excellent average excellent slow amazing,2020-08-11
R185530,P10,U2116,4,excellent average bad excellent poor excellent fast bad excellent good,2024-11-04
R186901,P10,U2792,4,amazing good average average poor bad average average average bad,2021-07-07
R186908,P10,U3478,2,poor good excellent amazing slow excellent fast poor bad slow,2020-07-16
R187024,P10,U2952,3,bad fast slow good fast slow average poor fast bad,2020-11-14
R187894,P10,U4976,1,excellent bad good poor excellent good bad fast fast average,2023-05-29
R188291,P10,U2025,3,good good slow fast fast excellent bad excellent good fast,2023-02-25
R188763,P10,U4789,2,excellent bad amazing fast average fast fast poor good amazing,2020-05-25
R188958,P10,U3068,3,excellent fast average poor amazing average amazing slow slow good,2025-01-09
R190176,P10,U2390,4,bad slow poor fast bad slow average fast poor bad,2023-11-01
R190933,P10,U2307,1,slow slow poor excellent excellent good amazing amazing fast average,2021-11-18
R191193,P10,U4987,4,excellent bad good average poor poor average bad slow slow,2021-06-01
R192869,P10,U785,3,slow slow amazing good amazing average slow good fast slow,2021-04-23
R193106,P10,U2265,1,excellent poor good excellent average average good average average fast,2024-07-07
R194335,P10,U3721,3,amazing amazing slow poor excellent amazing average good amazing bad,2024-03-26
R194958,P10,U4746,4,poor good average poor good poor amazing good bad fast,2022-05-23
R195161,P10,U516,4,average poor slow excellent good average slow slow slow poor,2022-05-13
R195981,P10,U2544,3,excellent poor slow slow amazing excellent poor poor slow poor,2023-01-25
R196154,P10,U3425,2,excellent slow amazing average poor amazing amazing fast amazing amazing,2025-02-11
R196268,P10,U3217,1,fast excellent fast average slow excellent bad good poor excellent,2021-10-18
R199738,P10,U3499,1,excellent poor bad bad poor fast bad amazing average excellent,2022-09-06
R199817,P10,U4032,3,excellent average fast bad bad poor excellent amazing good excellent,2021-07-15
R199853,P10,U2371,5,amazing amazing good good good fast amazing average slow good,2023-04-15
R199970,P10,U2811,1,excellent fast average average good average average bad amazing bad,2022-11-10
R200128,P10,U2585,3,slow excellent amazing poor excellent average slow excellent average good,2024-12-06
R201408,P10,U3176,5,bad fast bad amazing poor amazing excellent good amazing good,2022-07-12
R203793,P10,U1744,5,good poor bad average excellent poor bad slow excellent good,2021-03-12
R203917,P10,U4955,1,amazing average poor average good excellent average good excellent amazing,2020-06-25
R205700,P10,U289,5,slow good poor excellent excellent slow poor amazing excellent poor,2023-12-02
R205887,P10,U1978,4,average fast average amazing bad poor bad bad slow poor,2025-03-29
R205992,P10,U1448,1,good excellent good poor good excellent good fast poor fast,2023-05-28
R208768,P10,U2588,3,fast good average average bad average average average poor good,2024-01-16
R208834,P10,U367,5,slow slow poor amazing poor poor bad average average poor,2022-02-12
R210052,P10,U3136,1,poor poor poor slow amazing slow fast slow average average,2023-02-05
R210144,P10,U1608,3,slow slow average fast excellent average good slow slow slow,2023-11-24
R210723,P10,U3962,3,good good poor bad bad amazing amazing amazing poor fast,2022-01-11
R211378,P10,U2159,3,good poor fast bad fast fast good amazing average poor,2025-02-26
R211668,P10,U1358,3,excellent good good bad amazing slow average average amazing amazing,2022-07-15
R213510,P10,U3346,4,excellent excellent excellent slow amazing excellent slow good bad average,2024-04-02
R215111,P10,U2991,2,poor average fast poor amazing amazing slow good excellent good,2022-11-26
R216147,P10,U2518,4,fast excellent poor slow average bad good fast good slow,2020-07-11
R216182,P10,U363,4,average slow amazing amazing excellent amazing bad poor good fast,2025-04-05
R218624,P10,U1303,4,average good excellent average fast bad poor slow good slow,2022-07-27
R219353,P10,U1638,2,excellent excellent good excellent slow slow good excellent excellent poor,2024-04-01
R219485,P10,U2580,1,poor fast fast excellent average excellent poor good good slow,2021-12-23
R220030,P10,U1883,1,amazing amazing amazing average good poor amazing fast poor excellent,2022-05-27
R220281,P10,U4057,5,average excellent excellent slow good bad average excellent good average,2021-02-16
R220343,P10,U543,2,amazing amazing bad slow bad bad bad slow bad slow,2025-06-17
R221076,P10,U1601,2,good amazing fast average excellent slow average amazing good fast,2023-02-28
R221621,P10,U3931,4,excellent good fast poor fast poor excellent bad bad average,2023-03-13
R221838,P10,U1723,1,average good bad good bad excellent fast good bad fast,2024-04-01
R225033,P10,U3012,5,fast poor good good fast excellent average average poor bad,2024-05-19
R225668,P10,U4717,4,fast bad average poor excellent slow bad good slow amazing,2020-12-30
R227829,P10,U1787,4,excellent excellent fast slow average amazing fast bad bad slow,2025-05-18
R228909,P10,U222,3,average good bad amazing excellent poor amazing excellent excellent poor,2024-02-22
R229337,P10,U417,3,good slow good excellent fast fast average excellent fast excellent,2023-03-27
R229993,P10,U380,2,bad excellent excellent good slow good fast slow amazing fast,2020-10-24
R231314,P10,U1629,5,good slow poor good excellent good bad amazing slow bad,2025-03-09
R231689,P10,U4621,3,amazing good amazing fast average excellent average good average average,2021-09-23
R232586,P10,U1671,1,bad poor slow slow bad amazing poor slow poor good,2024-02-13
R234668,P10,U2547,1,average average slow amazing excellent fast poor slow amazing excellent,2022-03-15
R235508,P10,U3942,3,fast bad bad slow slow poor bad good amazing fast,2022-09-08
R235912,P10,U4977,5,fast fast amazing poor poor amazing amazing bad average average,2020-10-11
R236614,P10,U3242,4,excellent fast fast poor poor excellent amazing fast good fast,2021-11-13
R238573,P10,U4834,3,fast average bad slow excellent amazing fast good fast slow,2021-07-16
R243449,P10,U3793,4,good fast slow amazing slow amazing fast excellent excellent poor,2022-01-05
R243610,P10,U824,3,poor excellent fast poor excellent bad average bad slow excellent,2021-12-09
R244066,P10,U3348,1,bad fast average poor fast excellent amazing fast amazing average,2024-11-02
R244432,P10,U1150,5,average poor amazing fast fast amazing average amazing amazing amazing,2022-10-15
R244896,P10,U186,1,amazing slow fast excellent good average bad bad slow excellent,2020-08-16
R247599,P10,U94,3,slow amazing average amazing good slow average good slow bad,2021-07-22
R251131,P10,U3081,5,fast poor excellent amazing bad fast average slow good average,2025-02-13
R251990,P10,U825,4,fast amazing amazing amazing good amazing bad bad average poor,2023-10-10
R252241,P10,U1794,3,poor amazing poor bad good average fast fast average excellent,2024-12-04
R252801,P10,U4544,5,excellent bad fast slow average poor fast fast fast slow,2024-01-28
R253826,P10,U2521,4,average fast fast fast poor excellent slow slow excellent excellent,2022-10-05
R254079,P10,U4408,5,slow good fast good good average excellent average good poor,2021-03-18
R254441,P10,U4169,3,amazing slow amazing bad fast excellent good good amazing fast,2020-06-30
R255836,P10,U4228,2,good bad excellent amazing slow excellent poor excellent slow poor,2025-03-19
R258656,P10,U2686,5,excellent good good poor bad excellent bad poor excellent poor,2024-10-31
R260546,P10,U147,4,fast amazing bad average good good excellent excellent amazing fast,2021-07-15
R260822,P10,U4691,3,bad excellent good fast good good poor average excellent excellent,2021-07-12
R264577,P10,U318,2,excellent good fast excellent fast bad bad bad average amazing,2022-01-01
R265357,P10,U182,5,excellent amazing slow bad good bad slow slow poor average,2024-05-22
R266363,P10,U4914,5,amazing excellent amazing slow good good slow fast slow good,2022-07-15
R266376,P10,U3099,3,excellent slow excellent average bad amazing average bad good fast,2024-11-30
R267880,P10,U4791,5,excellent poor good fast good bad bad amazing poor amazing,2024-08-06
R270033,P10,U917,5,amazing fast amazing average fast bad poor excellent poor amazing,2021-07-24
R270391,P10,U1665,2,average slow average good fast fast excellent average fast poor,2023-04-01
R270850,P10,U2341,1,slow fast amazing excellent excellent slow good average good poor,2023-05-02
R271073,P10,U2654,3,amazing bad good fast fast bad slow slow bad good,2020-05-17
R271678,P10,U2861,4,excellent amazing slow bad poor poor average good excellent bad,2025-03-01
R271915,P10,U2818,4,excellent average poor excellent average average good slow excellent amazing,2020-02-26
R272022,P10,U1584,3,average bad amazing average slow slow good average slow excellent,2023-05-26
R273819,P10,U3800,5,fast slow fast poor poor slow fast good poor poor,2025-01-28
R273977,P10,U3236,3,poor excellent good average average poor excellent bad average excellent,2021-05-22
R273987,P10,U2805,4,bad fast bad excellent fast slow excellent amazing slow good,2022-03-09
R276837,P10,U1975,3,bad amazing bad excellent average amazing bad amazing good fast,2020-08-30
R277977,P10,U1314,4,slow poor bad bad average amazing amazing average fast bad,2025-05-07
R278041,P10,U1030,2,poor good excellent slow amazing amazing slow average poor amazing,2023-10-09
R279876,P10,U4700,2,excellent poor excellent bad fast slow fast average poor average,2020-08-15
R280759,P10,U4380,4,poor excellent poor excellent fast good good fast amazing slow,2022-10-09
R280913,P10,U2194,1,good good average good poor bad fast amazing good poor,2025-01-28
R282189,P10,U808,4,excellent bad amazing excellent amazing amazing slow slow slow good,2024-12-30
R282265,P10,U3920,4,bad poor excellent slow slow slow fast poor good fast,2022-07-30
R286432,P10,U1935,4,slow slow average excellent bad slow bad bad poor slow,2023-02-06
R288376,P10,U2061,4,amazing amazing excellent excellent poor good slow excellent slow slow,2021-03-22
R288731,P10,U4302,5,average average fast amazing bad poor good poor slow amazing,2023-11-30
R289501,P10,U2424,3,slow good poor good average bad bad fast slow excellent,2024-09-06
R291250,P10,U3625,2,poor amazing good slow excellent poor slow excellent average slow,2021-04-10
R291835,P10,U3257,3,bad amazing average bad amazing average slow slow slow average,2023-06-21
R292509,P10,U2628,3,fast bad poor poor bad amazing excellent bad excellent bad,2022-03-20
R293840,P10,U80,5,excellent amazing bad excellent slow amazing good poor poor amazing,2024-12-14
R294617,P10,U2000,3,good excellent poor excellent excellent bad bad bad excellent good,2022-06-28
R294677,P10,U300,4,amazing fast average poor average fast poor average fast average,2023-12-17
R294787,P10,U388,3,slow slow excellent fast bad amazing good excellent fast average,2022-05-11
R296145,P10,U4234,1,excellent bad bad slow slow bad fast amazing amazing slow,2022-07-20
R296989,P10,U3601,5,fast poor fast average fast fast slow average amazing fast,2024-07-15
R297155,P10,U4492,4,fast amazing average bad amazing good good amazing slow good,2020-09-18
R297509,P10,U2432,1,average slow amazing average bad fast poor poor amazing excellent,2024-02-20
R297884,P10,U2282,3,poor amazing bad amazing average good poor slow fast amazing,2022-02-02
R298577,P10,U4911,5,amazing slow slow good good good good excellent amazing fast,2024-06-03
R298931,P10,U2891,5,excellent bad good good average average fast bad poor bad,2023-08-27
R299950,P10,U1025,1,amazing slow amazing amazing slow fast slow good good excellent,2020-02-26
R301034,P10,U1422,2,amazing good fast slow average excellent poor excellent good excellent,2021-02-15
R301130,P10,U4301,3,good bad slow slow fast fast excellent excellent good good,2020-07-10
R301945,P10,U1991,1,fast poor good bad good excellent amazing good good excellent,2021-01-27
R301963,P10,U4218,5,amazing amazing fast bad average bad slow average average poor,2020-11-12
R303516,P10,U1521,3,average poor poor excellent slow average bad good average fast,2022-05-03
R304088,P10,U3175,2,slow bad slow amazing average poor average slow average good,2021-03-31
R307142,P10,U3351,2,bad poor bad excellent fast fast excellent average average good,2020-02-06
R307464,P10,U3239,1,fast slow average bad excellent poor poor average average average,2021-02-22
R307492,P10,U2029,2,slow slow slow bad fast slow bad good amazing amazing,2023-09-23
R307650,P10,U1335,5,average fast average fast poor good amazing average poor excellent,2020-07-24
R308457,P10,U3729,5,amazing fast poor fast fast good good bad amazing slow,2021-08-05
R308938,P10,U22,4,bad slow fast bad fast amazing good excellent excellent slow,2023-06-20
R309975,P10,U2425,1,average good good fast poor fast amazing average slow good,2024-08-04
R310236,P10,U1236,1,slow fast good excellent slow good slow amazing amazing slow,2024-10-11
R311267,P10,U1103,5,good excellent slow excellent bad poor average fast average amazing,2023-03-19
R311903,P10,U2498,1,average good excellent good good average amazing amazing average fast,2025-02-05
R311996,P10,U4458,3,amazing slow average bad fast poor good excellent fast poor,2024-03-21
R318571,P10,U1049,1,bad bad slow slow good amazing poor bad fast average,2020-02-02
R319764,P10,U750,3,bad slow excellent good excellent slow amazing slow good average,2025-04-27
R320679,P10,U3079,3,poor excellent excellent average average average average poor bad fast,2022-09-29
R321658,P10,U4990,5,excellent slow good slow amazing average excellent fast bad excellent,2021-04-06
R322501,P10,U535,5,slow good fast poor excellent bad fast average slow amazing,2022-08-15
R323482,P10,U4243,5,bad poor poor poor slow excellent fast average poor poor,2024-04-25
R324891,P10,U1795,1,bad slow average average amazing fast good excellent good average,2022-02-13
R325167,P10,U989,4,fast good good slow excellent poor good average slow poor,2023-10-21
R325281,P10,U2387,1,fast average amazing average amazing fast amazing amazing average amazing,2020-09-10
R326397,P10,U2743,3,slow poor excellent excellent excellent poor good excellent slow slow,2020-10-17
R327846,P10,U52,3,slow bad average fast bad average average bad excellent fast,2023-05-12
R330710,P10,U1493,5,poor average fast bad amazing amazing poor good excellent slow,2022-12-20
R330879,P10,U680,2,bad excellent excellent good average fast fast bad fast average,2023-05-22
R332644,P10,U2765,1,fast bad bad slow average excellent amazing good good slow,2022-11-03
R334095,P10,U533,5,average poor good fast slow amazing bad excellent poor average,2020-03-14
R337984,P10,U4779,4,excellent fast amazing amazing amazing good slow average good fast,2023-03-01
R338922,P10,U4303,5,fast fast fast slow excellent poor bad bad fast bad,2021-04-13
R339543,P10,U3917,2,good good bad amazing good amazing average amazing slow excellent,2020-06-28
R340080,P10,U2364,2,poor slow amazing poor average slow average amazing excellent poor,2024-08-21
R340997,P10,U910,2,average bad average slow good good bad poor excellent good,2023-10-13
R341698,P10,U4018,5,poor fast good slow fast poor average slow fast good,2025-01-21
R343609,P10,U3147,4,amazing poor amazing good excellent poor slow amazing excellent poor,2023-03-04
R343795,P10,U4268,1,poor poor fast bad amazing bad good amazing bad average,2021-03-26
R343901,P10,U4899,4,excellent amazing amazing excellent slow slow amazing bad good slow,2022-12-06
R345609,P10,U1094,5,bad good fast slow average slow poor poor fast fast,2025-04-21
R345964,P10,U1069,5,slow poor slow amazing amazing poor poor good slow fast,2023-11-19
R346498,P10,U2479,1,poor amazing bad bad bad excellent average average excellent poor,2020-08-23
R347191,P10,U2855,3,poor slow slow fast amazing poor poor amazing excellent average,2021-08-07
R349485,P10,U4901,5,excellent slow poor excellent slow bad fast fast excellent bad,2021-12-16
R349984,P10,U3591,3,good slow average average fast slow good good average average,2025-04-23
R350150,P10,U4084,4,slow slow average fast poor fast bad slow good fast,2024-10-08
R350231,P10,U3683,3,amazing excellent slow slow slow poor amazing slow poor slow,2025-01-26
R350411,P10,U4993,1,amazing good bad amazing poor fast excellent good amazing slow,2024-08-15
R353245,P10,U1373,3,good good amazing excellent poor poor amazing excellent poor bad,2023-06-16
R353441,P10,U1444,1,excellent bad good fast poor amazing amazing slow amazing bad,2020-08-25
R353820,P10,U1158,3,excellent excellent slow fast poor bad amazing slow slow poor,2024-12-10
R353884,P10,U4003,2,amazing bad poor amazing slow poor fast bad average average,2023-03-28
R361006,P10,U2073,2,amazing poor fast slow average amazing good bad bad fast,2022-09-09
R361656,P10,U1299,4,average poor average excellent slow slow bad fast amazing average,2024-05-23
R362279,P10,U3534,2,excellent amazing excellent fast slow fast excellent average slow bad,2024-06-18
R365776,P10,U4280,2,excellent bad slow amazing slow excellent excellent good fast amazing,2024-01-20
R368038,P10,U4092,2,average bad good poor bad average good excellent poor poor,2020-06-18
R368121,P10,U1321,1,poor bad amazing amazing bad bad slow excellent excellent average,2020-02-16
R368266,P10,U4013,3,bad excellent amazing fast bad poor average excellent fast amazing,2020-02-01
R369457,P10,U2737,4,average poor fast fast average fast slow average amazing average,2024-08-28
R369800,P10,U3585,2,good bad amazing excellent excellent bad fast amazing good bad,2024-02-27
R370479,P10,U4330,3,amazing bad good excellent poor poor poor amazing good good,2022-01-05
R371574,P10,U2796,2,poor fast average excellent excellent excellent fast fast amazing slow,2021-05-28
R372555,P10,U2522,3,slow good amazing fast excellent bad good bad fast poor,2020-12-08
R373018,P10,U1861,4,bad average slow poor excellent poor excellent slow poor average,2020-11-30
R375811,P10,U3769,5,poor good amazing fast good good fast average slow fast,2020-07-19
R377114,P10,U1689,2,poor amazing good average average good amazing amazing bad bad,2020-08-08
R377535,P10,U68,2,amazing poor average bad bad bad fast slow poor amazing,2022-12-07
R379006,P10,U2888,3,poor average fast slow good bad excellent poor slow slow,2024-01-16
R381090,P10,U2321,4,poor poor poor amazing slow amazing average slow amazing average,2023-02-02
R381133,P10,U2061,3,excellent excellent poor poor amazing bad bad good bad bad,2024-07-18
R381853,P10,U3694,3,bad average poor bad good good excellent amazing slow average,2023-06-04
R382428,P10,U3804,4,slow slow excellent fast average average poor fast good good,2022-05-26
R383190,P10,U2485,4,fast fast excellent bad bad bad good amazing slow fast,2021-09-01
R383275,P10,U1012,4,poor excellent poor bad poor excellent bad good bad slow,2023-10-16
R383533,P10,U3736,4,bad average excellent average poor good average average poor amazing,2024-06-17
R384819,P10,U3640,3,bad slow average excellent fast good average poor slow good,2023-03-03
R385075,P10,U2273,4,good bad slow fast slow average excellent amazing slow poor,2021-05-30
R385428,P10,U4112,5,excellent average poor excellent excellent bad good slow bad good,2022-03-10
R385671,P10,U2851,5,amazing average slow average fast fast average poor poor bad,2025-06-17
R385792,P10,U4196,3,fast average poor poor bad average bad poor good amazing,2021-11-18
R386158,P10,U4909,4,excellent good bad slow slow slow fast fast excellent amazing,2024-10-06
R386995,P10,U916,5,average slow average excellent poor bad slow average poor bad,2021-07-17
R387475,P10,U2888,4,excellent excellent bad bad amazing average amazing average poor fast,2021-05-30
R387997,P10,U312,3,poor good poor excellent fast amazing poor amazing fast fast,2021-11-10
R389576,P10,U1858,2,bad excellent average bad good fast good bad average amazing,2023-10-21
R390321,P10,U4193,5,good amazing good slow poor poor average excellent amazing average,2023-12-20
R391320,P10,U496,1,bad poor slow amazing slow amazing amazing bad poor amazing,2021-11-25
R391583,P10,U428,1,bad poor amazing average fast amazing bad good slow poor,2023-08-19
R391623,P10,U1561,3,excellent bad poor bad average fast excellent average excellent average,2021-05-14
R392187,P10,U4267,3,good slow slow poor average good bad amazing good average,2020-08-23
R394039,P10,U3394,3,average good good average fast fast average amazing bad bad,2024-05-16
R395135,P10,U3424,3,slow slow amazing average slow good average fast slow poor,2021-03-05
R396524,P10,U3910,2,amazing bad amazing slow average excellent excellent slow poor good,2021-05-08
R396829,P10,U3138,2,average good good fast amazing average good fast fast amazing,2024-06-26
R398487,P10,U1883,2,excellent bad slow excellent good fast poor amazing poor average,2023-01-24
R398949,P10,U2006,3,amazing slow fast good average average slow amazing good average,2020-07-27
R399577,P10,U4190,3,slow average excellent bad bad slow fast fast average excellent,2020-11-19
R399791,P10,U1675,1,good amazing poor average fast excellent excellent excellent excellent bad,2024-02-04
R400304,P10,U4843,2,good average average bad fast bad amazing poor amazing good,2023-11-29
R400573,P10,U2550,4,good amazing amazing fast good good fast amazing poor slow,2021-12-24
R401668,P10,U4677,5,fast bad amazing average amazing average good fast fast slow,2022-11-04
R401898,P10,U2264,4,good bad average poor amazing slow good amazing bad average,2024-10-31
R402446,P10,U3505,2,amazing amazing average good fast fast poor amazing slow amazing,2022-10-20
R403734,P10,U1133,2,poor average average excellent amazing amazing slow bad excellent slow,2023-09-23
R403980,P10,U2815,2,average poor average excellent average slow average excellent average excellent,2023-04-29
R405330,P10,U3445,5,amazing slow amazing slow average average good amazing slow average,2023-11-13
R405948,P10,U3180,1,excellent average bad amazing average good good good poor good,2023-12-21
R407533,P10,U4096,1,slow average poor excellent fast fast average amazing bad fast,2023-12-25
R407551,P10,U2162,3,average slow good bad bad slow slow slow excellent poor,2025-03-30
R408064,P10,U690,5,amazing amazing average poor fast poor average average excellent amazing,2024-11-15
R409584,P10,U1010,5,poor good bad good fast excellent good amazing good slow,2025-05-19
R410288,P10,U4834,5,bad excellent amazing slow bad average good average good bad,2023-02-25
R410582,P10,U2018,1,good slow bad good amazing fast amazing amazing excellent excellent,2020-11-18
R410889,P10,U4393,5,fast excellent average fast slow good average slow average slow,2022-02-25
R412368,P10,U582,4,poor excellent bad bad excellent excellent fast amazing good average,2021-05-06
R414815,P10,U2901,5,bad good fast amazing average poor bad bad excellent slow,2024-12-01
R414920,P10,U3303,3,good slow fast bad bad bad slow average amazing poor,2024-04-29
R415559,P10,U776,4,bad fast excellent fast good good fast excellent average slow,2022-09-29
R416286,P10,U3231,1,slow excellent good amazing good average fast bad average bad,2023-04-03
R416876,P10,U1096,5,amazing good good poor bad fast good poor slow fast,2023-06-15
R416949,P10,U2913,4,slow average amazing average excellent excellent average poor average excellent,2023-01-03
R417683,P10,U2493,3,poor slow fast amazing poor good excellent bad good poor,2022-12-15
R417731,P10,U2113,2,excellent good good good excellent fast poor excellent excellent amazing,2020-12-13
R418210,P10,U914,1,bad amazing slow average slow average average poor fast amazing,2021-06-08
R419496,P10,U763,1,bad slow good bad slow excellent excellent slow fast fast,2021-06-22
R420457,P10,U3493,5,bad good bad average good bad bad average bad bad,2021-11-06
R420543,P10,U4829,4,fast poor excellent poor average slow slow fast fast good,2021-10-14
R421743,P10,U746,2,amazing slow fast amazing fast amazing good bad good good,2021-04-14
R421793,P10,U2567,3,amazing excellent average average excellent fast amazing fast bad average,2022-06-03
R422948,P10,U2640,2,fast amazing average fast fast good excellent amazing poor slow,2023-11-08
R424118,P10,U4077,3,slow excellent poor poor fast fast fast good amazing poor,2024-03-30
R425232,P10,U4647,3,slow average bad good fast average amazing poor good good,2022-11-29
R426010,P10,U4217,5,slow good slow slow bad excellent average excellent excellent average,2021-04-14
R427407,P10,U2527,5,poor average good average average amazing excellent excellent excellent poor,2021-07-16
R428133,P10,U4490,2,amazing slow amazing poor average bad average excellent amazing slow,2023-05-16
R428658,P10,U4329,5,bad poor excellent excellent amazing poor fast average good fast,2023-07-26
R429036,P10,U1824,4,poor amazing amazing amazing excellent slow good good bad fast,2025-04-02
R430412,P10,U4440,1,poor excellent slow good bad fast slow amazing average excellent,2023-12-03
R432326,P10,U3973,3,excellent fast good slow excellent average poor bad excellent good,2025-03-24
R432639,P10,U2020,4,fast excellent amazing average fast slow poor fast bad poor,2022-03-20
R432950,P10,U4616,3,poor bad poor amazing good poor excellent average fast poor,2020-02-27
R433559,P10,U702,1,fast amazing bad slow fast excellent slow good fast excellent,2020-07-29
R435606,P10,U4235,4,slow bad good poor poor good good good good poor,2022-12-06
R436145,P10,U3682,2,poor excellent fast poor poor poor good poor poor slow,2020-09-08
R438711,P10,U2279,4,slow poor average slow slow good poor slow poor poor,2024-12-01
R440206,P10,U4571,2,excellent poor slow slow excellent average average fast fast amazing,2024-01-07
R440616,P10,U420,4,good bad amazing amazing fast slow average fast slow average,2025-06-09
R440823,P10,U3195,3,fast average poor slow excellent bad good fast excellent fast,2023-01-08
R441625,P10,U4650,4,amazing bad good average slow bad bad excellent poor average,2020-09-18
R442011,P10,U4437,5,good bad excellent fast average slow excellent slow good average,2023-09-19
R442067,P10,U190,5,good excellent average fast amazing fast excellent slow slow good,2021-07-12
R442562,P10,U784,4,amazing fast bad average excellent bad good bad average bad,2021-07-21
R447385,P10,U4729,4,average good fast amazing fast good amazing excellent excellent bad,2021-02-24
R449418,P10,U3461,5,bad slow poor bad slow poor good average slow fast,2022-02-28
R449767,P10,U23,5,average average slow amazing poor fast poor average poor fast,2024-03-07
R450168,P10,U3206,5,poor poor fast bad excellent amazing poor bad slow poor,2024-06-09
R450293,P10,U3324,4,amazing fast average amazing poor fast fast good average bad,2024-07-16
R450351,P10,U195,4,fast fast poor good average fast good poor average bad,2025-02-13
R450900,P10,U3931,2,excellent poor bad poor bad poor slow average amazing excellent,2021-11-07
R453106,P10,U821,2,fast slow average average bad good slow slow poor average,2021-01-14
R454467,P10,U4420,5,poor excellent slow excellent amazing poor good bad fast poor,2020-01-26
R454480,P10,U2928,3,average fast bad fast average excellent amazing average fast fast,2021-12-14
R454677,P10,U4406,3,bad slow excellent excellent good fast good excellent bad amazing,2024-10-19
R456072,P10,U2744,2,fast good good amazing average slow slow slow amazing bad,2024-03-31
R456707,P10,U1023,2,excellent amazing average excellent bad amazing fast fast poor amazing,2020-10-18
R456848,P10,U1706,1,amazing amazing excellent amazing good average amazing average average fast,2023-08-09
R458060,P10,U3001,1,fast poor fast average excellent bad excellent poor bad excellent,2024-04-22
R459713,P10,U2695,3,fast slow poor slow good fast fast average poor excellent,2020-03-16
R460932,P10,U4560,5,average excellent excellent average fast amazing good poor good poor,2020-04-27
R460999,P10,U3178,4,bad average slow bad average poor amazing excellent poor good,2020-02-15
R461709,P10,U4474,5,fast good amazing good good average average amazing good good,2020-12-09
R462203,P10,U382,4,average good average average slow fast slow good average average,2025-01-28
R462983,P10,U1732,3,bad excellent slow poor poor good good slow slow excellent,2022-03-19
R463590,P10,U3858,3,bad amazing amazing average excellent poor good amazing slow excellent,2024-02-24
R464945,P10,U1537,3,average slow good bad poor poor good poor average excellent,2024-09-02
R464970,P10,U922,3,slow fast bad slow fast slow poor good fast amazing,2022-06-08
R467264,P10,U792,5,amazing bad fast excellent average average excellent amazing slow poor,2023-07-18
R467288,P10,U3412,4,bad poor average amazing bad average bad excellent fast fast,2021-05-22
R467420,P10,U2712,4,fast fast fast poor average fast slow fast slow average,2025-01-01
R468356,P10,U992,5,excellent poor poor poor fast amazing bad bad poor poor,2023-06-18
R468746,P10,U2602,2,fast slow excellent poor bad average fast poor average poor,2023-11-27
R468786,P10,U4160,2,poor average bad slow poor good excellent amazing average average,2020-10-28
R469452,P10,U2881,2,bad slow poor slow fast good bad fast poor bad,2021-03-29
R471306,P10,U259,5,amazing amazing fast fast amazing bad excellent fast good average,2024-03-18
R471420,P10,U48,4,good amazing poor fast good bad poor fast excellent poor,2025-01-11
R471969,P10,U4783,1,fast slow bad average amazing average amazing fast fast slow,2020-06-22
R472817,P10,U2296,1,fast bad bad excellent average excellent amazing average bad slow,2022-10-02
R474958,P10,U2557,1,poor excellent poor amazing amazing excellent fast amazing slow average,2023-08-25
R478502,P10,U3167,4,excellent average amazing poor average amazing amazing bad excellent poor,2020-05-10
R485254,P10,U3033,4,fast good slow fast bad average fast good slow amazing,2023-06-03
R486074,P10,U2416,2,good excellent slow poor amazing slow good good poor excellent,2023-01-29
R486258,P10,U707,5,good good good fast amazing excellent average fast excellent amazing,2024-05-15
R486930,P10,U3885,1,excellent slow excellent good excellent bad excellent amazing bad excellent,2021-01-15
R487135,P10,U4566,2,poor excellent slow average slow bad fast slow bad excellent,2020-12-27
R488062,P10,U2672,5,bad slow average good bad excellent amazing good average average,2021-03-01
R488140,P10,U3774,5,amazing poor fast good fast excellent average good poor poor,2021-06-08
R488972,P10,U3272,2,good slow slow bad bad fast poor poor poor excellent,2020-02-20
R491498,P10,U3007,2,good bad average slow excellent fast excellent good fast poor,2022-02-10
R491534,P10,U4606,4,amazing average fast poor poor poor fast fast poor average,2020-02-05
R492546,P10,U2016,2,good slow bad bad good good average slow poor fast,2020-11-16
R493035,P10,U3778,4,bad good bad poor average excellent average good fast poor,2024-03-16
R497356,P10,U1986,1,average amazing bad average good bad slow amazing average excellent,2022-06-19
R499040,P10,U3268,5,average amazing excellent slow amazing average slow good excellent good,2021-11-10
R500744,P10,U3239,2,poor average good good slow average good poor fast fast,2023-11-14
R500952,P10,U427,2,average bad bad average amazing average average poor bad slow,2022-10-04
R502063,P10,U1147,1,slow poor poor excellent fast poor bad bad average bad,2024-11-28
R502183,P10,U4531,3,amazing poor slow slow amazing slow average bad amazing bad,2020-08-21
R502945,P10,U3639,4,average good fast poor fast good bad fast poor slow,2021-04-13
R503387,P10,U4089,5,excellent amazing fast good fast poor bad slow amazing good,2021-08-03
R503893,P10,U981,4,fast excellent bad excellent fast slow amazing average slow poor,2022-10-29
R504258,P10,U662,3,slow slow fast poor fast amazing amazing slow good poor,2023-07-25
R505625,P10,U4588,5,bad average bad excellent poor slow good fast poor bad,2025-03-07
R506272,P10,U2853,3,bad excellent average amazing slow fast bad bad fast good,2022-07-31
R506992,P10,U347,4,slow fast fast excellent fast slow fast good bad slow,2024-06-07
R508007,P10,U1391,3,slow slow fast fast fast amazing amazing amazing excellent poor,2020-07-07
R508511,P10,U3614,1,slow bad excellent good average excellent fast average good poor,2021-06-13
R509589,P10,U554,2,fast amazing amazing poor good bad poor fast excellent poor,2023-09-07
R509782,P10,U2577,2,average average amazing good average amazing good amazing excellent slow,2020-05-30
R510651,P10,U2693,5,excellent average amazing bad amazing slow amazing bad fast average,2025-05-29
R512373,P10,U2873,1,average poor slow fast bad bad poor slow average excellent,2024-11-30
R513091,P10,U1185,4,excellent bad good good slow bad slow poor excellent amazing,2021-07-29
R513743,P10,U3470,3,amazing excellent slow slow amazing average bad slow amazing good,2020-06-05
R514443,P10,U446,5,amazing average average average bad bad excellent excellent slow good,2021-06-29
R514780,P10,U2374,1,average amazing fast excellent average slow good poor bad bad,2023-10-07
R515624,P10,U4997,2,average bad poor bad excellent poor average excellent excellent amazing,2022-10-27
R522405,P10,U196,4,fast slow amazing excellent amazing good poor good good bad,2022-04-27
R526033,P10,U4998,2,bad slow excellent slow poor excellent amazing excellent bad average,2024-05-30
R526973,P10,U184,4,amazing fast excellent excellent fast poor good bad excellent poor,2024-07-05
R527314,P10,U3919,1,good amazing fast good bad fast poor fast bad good,2020-08-09
R528841,P10,U1051,1,average good amazing poor slow average poor excellent amazing poor,2022-08-14
R529834,P10,U2801,3,bad average fast fast poor bad slow amazing slow bad,2023-06-11
R530871,P10,U4118,5,amazing average good bad average poor slow good excellent good,2021-01-24
R531184,P10,U4260,2,amazing fast bad excellent excellent poor excellent fast amazing excellent,2022-03-26
R531406,P10,U3320,5,average average bad poor excellent average amazing excellent average amazing,2023-02-22
R532759,P10,U2202,1,bad amazing average fast excellent slow average amazing poor fast,2022-11-20
R533372,P10,U2648,3,excellent average average good amazing fast fast good fast poor,2025-02-12
R533636,P10,U4470,3,bad poor slow average bad slow excellent amazing excellent bad,2023-09-04
R534021,P10,U2401,5,bad slow excellent slow poor bad fast poor amazing average,2021-09-11
R535601,P10,U722,1,poor excellent amazing amazing slow excellent excellent excellent excellent good,2020-05-26
R536904,P10,U3220,5,fast good poor fast excellent bad poor average average fast,2023-08-11
R537042,P10,U3615,4,bad fast good average amazing amazing average poor slow good,2022-01-03
R539065,P10,U1406,3,fast bad average excellent good amazing poor slow fast poor,2023-09-11
R539122,P10,U3852,5,good amazing poor bad excellent good bad bad slow good,2020-11-21
R539475,P10,U3697,5,good amazing fast excellent excellent poor average slow slow fast,2024-07-13
R539548,P10,U1850,1,slow bad slow bad average slow fast poor slow slow,2022-08-03
R542433,P10,U1972,5,bad excellent amazing excellent slow fast amazing amazing bad good,2021-07-23
R543685,P10,U2833,3,good slow amazing excellent fast poor slow fast excellent fast,2024-12-12
R544628,P10,U4574,4,poor amazing fast slow fast slow slow poor bad poor,2023-06-14
R547356,P10,U723,4,good excellent average poor bad poor excellent amazing bad bad,2024-01-07
R548310,P10,U2060,2,fast average fast excellent slow excellent fast excellent excellent bad,2020-06-28
R549787,P10,U837,5,fast fast poor bad bad bad slow slow average bad,2020-11-20
R552783,P10,U2977,3,poor excellent poor bad good good average fast average good,2022-10-06
R552802,P10,U4837,5,bad average fast bad fast slow excellent fast poor bad,2023-05-28
R554035,P10,U3601,5,poor fast amazing poor amazing excellent amazing amazing good fast,2025-02-09
R555021,P10,U1945,5,slow poor bad amazing amazing amazing bad amazing amazing bad,2020-02-06
R555488,P10,U3811,5,amazing slow amazing average slow excellent fast excellent average slow,2022-11-02
R556224,P10,U1667,5,good average fast excellent excellent fast fast excellent slow slow,2024-08-12
R557529,P10,U388,2,average amazing excellent bad excellent excellent excellent average fast fast,2024-01-30
R558553,P10,U3590,3,amazing poor bad excellent bad average excellent excellent excellent excellent,2022-08-10
R559272,P10,U3523,3,fast slow poor bad amazing slow good poor slow excellent,2022-07-23
R559819,P10,U3414,4,slow good poor excellent poor bad poor slow good slow,2022-03-29
R560054,P10,U3887,1,average slow excellent excellent average average bad poor amazing poor,2024-04-06
R561312,P10,U1981,5,fast poor good excellent fast poor amazing poor poor average,2020-09-15
R561464,P10,U2624,5,fast good amazing slow poor fast fast fast bad amazing,2022-05-10
R561938,P10,U1446,1,excellent fast fast amazing slow good amazing good fast slow,2022-05-05
R562457,P10,U822,3,poor poor average poor average good good bad bad fast,2022-08-01
R562620,P10,U3086,5,fast bad good slow amazing slow poor fast poor excellent,2022-05-29
R562754,P10,U2368,3,slow good amazing average good slow slow bad slow good,2020-06-12
R563403,P10,U4558,1,good excellent amazing poor average poor poor good bad average,2021-01-05
R565020,P10,U2869,1,fast slow slow bad good good excellent good excellent amazing,2024-07-03
R566065,P10,U3517,1,poor poor amazing poor excellent poor fast fast good excellent,2020-08-16
R566134,P10,U2117,5,amazing slow average amazing bad good amazing poor good excellent,2024-12-01
R566278,P10,U4510,3,slow average poor amazing poor excellent average good excellent average,2024-08-12
R567054,P10,U618,4,poor excellent excellent fast good good bad excellent amazing excellent,2022-11-25
R569104,P10,U2247,1,amazing good amazing excellent good amazing fast amazing good good,2021-09-06
R569410,P10,U554,4,average poor excellent bad bad amazing amazing fast average excellent,2023-06-25
R570750,P10,U310,4,slow poor amazing amazing good bad slow amazing poor slow,2023-02-16
R572745,P10,U1173,4,excellent slow bad fast average amazing bad poor excellent poor,2020-11-22
R572932,P10,U3445,5,average amazing poor good fast bad excellent bad poor bad,2025-03-26
R573562,P10,U1446,2,average good slow excellent good excellent amazing bad good average,2022-02-28
R574445,P10,U646,5,slow good fast fast excellent slow slow good good average,2020-04-14
R574928,P10,U4366,5,amazing excellent fast good average excellent fast fast good excellent,2022-11-15
R576078,P10,U2999,3,slow average good fast excellent bad amazing average bad average,2020-11-21
R576517,P10,U4251,2,bad good slow amazing amazing fast amazing good poor fast,2024-05-27
R577794,P10,U3578,5,average average average bad excellent average good slow amazing excellent,2024-05-29
R578198,P10,U1964,4,average poor poor excellent good excellent average good slow fast,2020-02-16
R578309,P10,U4075,2,good slow good poor amazing fast average average good amazing,2022-11-19
R579752,P10,U1704,4,slow bad bad poor amazing amazing amazing fast poor average,2020-02-09
R580482,P10,U295,3,good excellent fast fast bad poor slow average amazing excellent,2025-03-24
R581077,P10,U2369,5,good excellent fast bad bad fast excellent good amazing amazing,2025-05-08
R582052,P10,U2928,2,poor amazing poor bad bad excellent excellent slow poor slow,2021-12-05
R583062,P10,U741,3,excellent poor excellent good good excellent slow bad amazing average,2025-01-08
R583843,P10,U728,4,poor slow poor good average excellent good fast slow bad,2024-01-18
R584432,P10,U2827,4,excellent average slow amazing poor good average good fast bad,2024-03-05
R584548,P10,U3001,5,poor amazing bad slow amazing amazing average amazing fast good,2023-08-08
R584765,P10,U308,5,poor slow fast bad excellent amazing excellent excellent excellent good,2023-10-25
R585271,P10,U2128,4,good excellent poor good excellent amazing poor excellent excellent average,2021-09-15
R585582,P10,U3003,4,amazing good amazing excellent amazing excellent fast bad average excellent,2020-04-02
R585897,P10,U4255,2,average fast excellent bad amazing amazing good average slow average,2022-01-29
R587857,P10,U3087,2,poor poor average excellent fast amazing fast fast good excellent,2022-07-28
R588194,P10,U3227,4,good poor excellent poor poor average fast amazing fast average,2024-03-24
R588302,P10,U1306,2,slow bad fast excellent amazing amazing slow poor excellent good,2024-07-03
R588399,P10,U2945,5,fast slow amazing good bad slow amazing excellent poor good,2020-10-25
R589164,P10,U1170,2,excellent poor poor amazing excellent fast good excellent slow fast,2021-03-29
R591818,P10,U4096,5,amazing poor bad excellent excellent amazing amazing average bad bad,2022-01-18
R592036,P10,U1774,3,excellent good average bad poor average good fast fast poor,2020-02-27
R592224,P10,U1789,2,slow poor slow good slow slow excellent amazing average slow,2020-03-16
R592883,P10,U4762,3,good poor amazing excellent slow poor good good excellent amazing,2022-02-15
R594470,P10,U1437,1,slow slow poor fast amazing amazing slow slow slow fast,2025-01-26
R595012,P10,U3259,3,amazing amazing fast good fast slow bad bad excellent amazing,2022-12-27
R596383,P10,U4159,3,fast amazing slow amazing amazing amazing bad good excellent bad,2022-05-09
R597658,P10,U1046,5,poor fast good bad fast poor excellent average amazing average,2021-07-11
R598474,P10,U4150,3,good slow average bad poor slow bad amazing excellent average,2024-11-03
R598887,P10,U4614,5,excellent bad excellent fast amazing excellent excellent poor good excellent,2021-05-20
R598982,P10,U522,5,poor slow poor poor excellent amazing average poor amazing poor,2025-02-11
R599352,P10,U1629,4,good excellent excellent poor fast good amazing fast bad average,2022-01-31
R599578,P10,U51,4,fast good good fast slow amazing bad fast excellent excellent,2021-05-27
R599771,P10,U1246,5,good excellent slow excellent amazing fast fast average excellent amazing,2020-10-21
R600648,P10,U1964,4,fast amazing bad fast average fast average slow good fast,2021-06-28
R602978,P10,U156,5,good slow good excellent amazing amazing slow poor slow excellent,2022-01-19
R603022,P10,U2857,1,good average good slow excellent average good excellent bad poor,2021-12-26
R606525,P10,U954,2,average average fast slow average bad excellent good average average,2023-04-10
R606828,P10,U2715,1,excellent average excellent slow slow fast average average amazing fast,2022-04-14
R607040,P10,U2642,5,poor average slow good amazing poor bad excellent bad fast,2020-12-08
R607365,P10,U2497,5,average bad slow excellent good slow average amazing poor good,2024-08-07
R609680,P10,U839,2,good amazing amazing slow bad poor fast poor average poor,2023-06-14
R610740,P10,U2419,2,fast excellent excellent average average slow amazing slow amazing bad,2025-01-30
R610917,P10,U1039,2,bad slow amazing slow bad slow slow fast good slow,2024-06-28
R611371,P10,U2690,3,poor bad amazing slow poor average amazing amazing excellent slow,2020-06-28
R612507,P10,U4565,5,good poor excellent good poor average bad fast average excellent,2024-09-21
R612813,P10,U950,1,amazing amazing slow poor excellent poor average good bad poor,2023-01-16
R613048,P10,U3709,5,fast excellent fast poor fast excellent amazing fast slow bad,2023-07-14
R615465,P10,U711,1,average slow fast poor fast amazing fast bad average amazing,2024-12-26
R617699,P10,U1332,3,excellent slow fast poor good excellent poor bad poor fast,2025-05-26
R617989,P10,U1103,2,slow good average excellent good bad excellent excellent fast amazing,2022-04-23
R618506,P10,U15,1,poor slow fast average fast fast bad good amazing fast,2023-12-07
R620055,P10,U354,3,slow bad slow excellent amazing amazing amazing excellent average poor,2020-12-12
R620841,P10,U484,5,slow poor slow slow slow excellent poor amazing slow excellent,2021-10-21
R620899,P10,U543,1,fast poor poor slow average bad amazing excellent slow amazing,2021-04-01
R621454,P10,U535,5,amazing poor amazing average good poor average fast slow slow,2023-09-18
R621946,P10,U1287,2,slow average slow amazing poor excellent amazing average poor fast,2024-11-23
R622103,P10,U474,3,good amazing good amazing amazing amazing fast average bad good,2021-09-28
R622716,P10,U3039,4,amazing amazing good slow good amazing excellent excellent good bad,2022-04-18
R623932,P10,U2397,2,bad slow poor good bad excellent excellent fast bad average,2020-08-14
R625471,P10,U1508,1,bad fast fast fast excellent poor excellent poor fast average,2020-04-10
R626028,P10,U3602,3,average slow fast fast good average fast excellent fast fast,2022-06-23
R627889,P10,U269,3,excellent average good slow bad poor fast bad average poor,2024-09-23
R628326,P10,U256,3,bad amazing slow fast slow amazing slow bad average average,2025-03-08
R629699,P10,U3540,5,good fast slow bad poor excellent amazing fast excellent good,2021-08-14
R633553,P10,U612,3,fast average bad excellent good poor excellent excellent poor slow,2020-07-08
R633640,P10,U1603,2,excellent amazing amazing poor poor amazing excellent excellent poor poor,2024-02-01
R633854,P10,U644,1,excellent excellent fast excellent bad poor poor excellent amazing slow,2021-04-25
R635599,P10,U326,5,amazing excellent excellent slow amazing average average average bad excellent,2022-03-23
R635955,P10,U2491,1,slow good good bad good excellent slow bad good fast,2020-07-02
R636050,P10,U1114,1,average bad good excellent excellent bad poor fast excellent poor,2022-11-09
R637435,P10,U3635,4,poor excellent excellent amazing average bad average average amazing poor,2024-11-08
R637760,P10,U1841,4,poor slow excellent fast excellent poor average average good fast,2021-09-14
R638308,P10,U2377,1,amazing slow poor fast good fast slow slow amazing good,2020-11-29
R640912,P10,U2409,3,poor average excellent bad slow good good poor poor average,2021-06-07
R643739,P10,U4147,1,average excellent bad amazing slow slow average fast poor average,2021-11-04
R646913,P10,U1855,1,good average good bad poor amazing poor average average amazing,2020-12-02
R648101,P10,U3661,5,bad good average amazing excellent average slow average excellent fast,2025-06-05
R649892,P10,U2040,5,slow bad slow average average slow slow excellent excellent good,2021-05-18
R655092,P10,U2183,3,amazing good poor excellent fast poor amazing good bad poor,2020-03-22
R656193,P10,U2385,2,bad bad excellent amazing fast excellent good bad average excellent,2023-10-13
R657065,P10,U1673,1,poor excellent poor bad bad slow slow bad amazing excellent,2024-06-19
R657486,P10,U888,3,excellent amazing excellent slow poor good poor amazing bad slow,2022-08-20
R657717,P10,U1545,3,bad amazing fast fast amazing slow slow poor excellent excellent,2020-06-01
R658496,P10,U4245,5,average fast fast bad fast bad fast excellent average amazing,2021-10-13
R662154,P10,U4960,5,average poor average poor good bad bad fast amazing average,2025-03-06
R662516,P10,U15,4,poor good amazing fast excellent good bad excellent good average,2024-03-13
R663469,P10,U1378,1,excellent bad amazing average bad amazing slow slow amazing average,2025-03-02
R665258,P10,U4347,4,excellent slow excellent bad bad good fast amazing slow slow,2020-11-20
R666822,P10,U4115,2,good excellent average poor excellent bad poor poor slow bad,2024-03-27
R668308,P10,U4700,4,excellent excellent poor poor slow average fast good good fast,2022-06-16
R668663,P10,U4277,4,amazing poor good slow poor amazing fast amazing amazing average,2022-04-20
R669271,P10,U1729,2,amazing slow average fast good fast slow poor bad fast,2022-07-04
R670724,P10,U2896,1,good amazing fast excellent bad average average excellent good bad,2020-11-05
R670828,P10,U3148,1,poor average poor amazing good excellent excellent average amazing amazing,2022-01-24
R671570,P10,U769,4,average bad good bad average fast slow average excellent good,2021-11-02
R675185,P10,U3892,1,good excellent slow bad slow average amazing good fast excellent,2023-09-26
R675762,P10,U2728,3,average bad good fast amazing bad amazing slow average good,2020-04-01
R677260,P10,U3029,5,average slow amazing good excellent amazing poor poor bad average,2024-10-05
R677718,P10,U3301,5,average average bad average amazing good fast poor excellent average,2022-08-08
R678930,P10,U2804,1,amazing excellent poor good good poor bad average bad bad,2021-05-30
R683074,P10,U4810,2,bad average poor excellent slow fast slow amazing bad good,2024-07-14
R685737,P10,U3200,3,amazing amazing amazing slow fast bad bad bad amazing good,2020-03-29
R689245,P10,U696,1,average fast slow average amazing slow good poor excellent excellent,2025-04-06
R689716,P10,U3604,1,good bad bad bad average bad poor good good bad,2021-07-20
R690789,P10,U3849,3,bad bad average amazing excellent amazing fast good excellent amazing,2023-03-05
R690822,P10,U4037,4,excellent average amazing slow slow amazing good average fast bad,2021-11-18
R691292,P10,U2291,1,fast poor fast bad bad excellent bad bad slow amazing,2022-02-25
R691448,P10,U3478,4,excellent amazing excellent excellent poor excellent poor fast fast poor,2020-03-06
R694578,P10,U4067,4,poor poor poor bad slow good good fast average poor,2022-02-17
R694596,P10,U54,2,average amazing poor slow slow average poor fast average bad,2023-10-10
R695713,P10,U4872,4,poor excellent average average amazing poor amazing poor good amazing,2023-04-16
R697016,P10,U3219,3,excellent fast amazing bad excellent average average amazing bad amazing,2024-04-21
R697027,P10,U4958,4,excellent slow bad amazing good good good good amazing amazing,2025-01-21
R697751,P10,U324,3,poor average average excellent excellent average slow fast amazing excellent,2024-04-13
R698505,P10,U734,3,good poor good average poor poor excellent amazing excellent poor,2020-04-16
R701660,P10,U2299,5,fast fast excellent slow excellent bad average excellent bad excellent,2023-01-25
R702221,P10,U1327,5,poor average excellent fast fast bad poor good bad poor,2020-09-02
R702967,P10,U1715,4,fast poor excellent fast slow good slow fast slow poor,2025-01-16
R703999,P10,U3930,1,amazing excellent amazing excellent poor slow slow bad poor amazing,2023-01-12
R704374,P10,U4566,5,amazing amazing fast bad good poor excellent average slow bad,2024-06-09
R705507,P10,U1184,3,slow bad fast average poor poor bad bad excellent fast,2025-04-23
R705784,P10,U1123,2,fast fast slow slow average amazing slow amazing slow poor,2022-01-21
R705856,P10,U3245,4,average excellent poor bad fast average fast excellent good amazing,2024-10-04
R705917,P10,U1458,5,excellent poor average bad good good good amazing amazing poor,2020-01-18
R706651,P10,U1022,1,slow poor fast poor average good excellent average slow average,2021-12-04
R706747,P10,U1575,5,poor fast excellent slow slow poor fast good excellent fast,2023-01-15
R707689,P10,U3878,2,average amazing bad average bad good fast fast amazing amazing,2021-07-25
R708418,P10,U4941,3,amazing poor good amazing fast slow slow excellent fast amazing,2023-06-06
R708454,P10,U2288,2,poor amazing amazing average bad good average bad good good,2023-03-09
R708810,P10,U1751,2,poor bad slow fast bad fast poor bad poor poor,2024-04-25
R709057,P10,U4890,5,excellent good average good excellent average amazing slow slow average,2021-03-04
R710065,P10,U4440,4,average amazing slow fast slow bad fast bad excellent slow,2025-02-05
R710358,P10,U4203,4,excellent good average slow bad average poor good slow good,2020-08-12
R710657,P10,U79,1,amazing poor bad poor poor good fast poor average slow,2020-01-21
R710821,P10,U536,5,amazing amazing poor good poor excellent poor excellent excellent average,2020-09-22
R711218,P10,U3905,4,good excellent slow average slow average slow slow amazing excellent,2025-01-10
R712732,P10,U2965,4,amazing bad excellent amazing fast amazing amazing fast poor amazing,2024-11-26
R714195,P10,U292,3,excellent fast amazing amazing good excellent bad amazing good good,2024-06-29
R714729,P10,U542,4,bad slow slow average good good slow excellent poor good,2022-10-18
R714739,P10,U1492,4,poor amazing excellent excellent slow amazing amazing slow slow average,2022-03-22
R715315,P10,U1300,5,amazing fast poor average bad average amazing bad good bad,2020-02-23
R715939,P10,U508,4,excellent fast bad slow fast bad average average amazing excellent,2023-02-28
R717125,P10,U217,4,fast good good poor good good excellent poor good fast,2025-03-24
R717231,P10,U3446,4,bad excellent average amazing amazing average poor amazing poor slow,2024-04-29
R718898,P10,U3120,4,excellent poor fast poor slow good good average excellent amazing,2023-01-30
R719878,P10,U3399,1,amazing fast good good average slow excellent slow poor poor,2020-02-28
R721002,P10,U2440,1,bad bad fast excellent average good excellent average fast average,2021-02-27
R723905,P10,U1889,4,average amazing excellent amazing average good good good excellent good,2020-05-02
R723909,P10,U4418,5,amazing slow poor average bad excellent amazing fast excellent average,2022-09-02
R724053,P10,U2470,2,excellent excellent good average excellent poor fast excellent bad poor,2020-12-28
R725160,P10,U1552,3,poor good amazing average slow excellent amazing fast excellent amazing,2022-10-18
R729389,P10,U4572,4,fast slow excellent poor bad amazing bad fast average good,2023-12-09
R730102,P10,U3600,3,fast excellent slow good average fast average average slow excellent,2023-12-10
R730266,P10,U1419,4,excellent good fast bad amazing bad poor bad good bad,2022-07-01
R730723,P10,U4350,2,good poor good fast average fast good slow excellent amazing,2021-03-23
R731086,P10,U4475,1,bad bad poor slow excellent bad poor poor good amazing,2022-03-25
R733784,P10,U4699,3,slow good average slow slow amazing bad average amazing slow,2020-02-28
R733858,P10,U4543,5,amazing bad excellent poor average poor slow amazing excellent good,2022-08-27
R733920,P10,U2678,5,amazing slow slow amazing average bad fast bad good good,2022-12-21
R736185,P10,U1721,4,excellent poor fast slow bad excellent average bad bad slow,2020-05-25
R736377,P10,U1362,4,good fast excellent good good fast amazing good bad slow,2022-02-19
R736391,P10,U211,1,slow fast amazing fast excellent bad bad good excellent bad,2025-02-28
R737238,P10,U4826,1,fast good fast bad slow fast fast excellent average amazing,2024-07-09
R737312,P10,U567,3,excellent excellent good excellent fast good excellent excellent fast excellent,2025-05-19
R738076,P10,U739,2,good fast bad slow bad poor amazing excellent amazing average,2024-06-10
R738649,P10,U2333,4,average slow slow amazing slow average slow bad fast average,2023-07-11
R740625,P10,U2642,1,excellent bad good average excellent poor average amazing slow amazing,2023-09-17
R741685,P10,U4245,3,fast poor average slow good slow amazing fast average fast,2020-10-17
R741863,P10,U4819,5,bad poor average slow fast poor slow bad good fast,2023-01-14
R742454,P10,U1031,5,excellent average average good excellent slow slow bad average amazing,2022-04-09
R743327,P10,U4822,2,fast bad fast poor average bad slow slow poor excellent,2020-03-28
R744349,P10,U122,2,poor average slow fast slow slow amazing amazing amazing excellent,2024-05-30
R745432,P10,U4381,1,poor fast excellent good good average fast poor excellent amazing,2020-11-06
R746655,P10,U4805,2,average good excellent bad poor poor good amazing excellent good,2024-12-28
R750911,P10,U1868,2,amazing slow excellent poor poor average bad poor slow amazing,2022-09-11
R751181,P10,U1185,1,average bad good excellent fast amazing bad average average excellent,2023-06-13
R751397,P10,U2796,1,poor bad amazing good amazing fast bad slow amazing amazing,2022-04-27
R751405,P10,U4594,5,good slow excellent bad bad amazing bad average slow amazing,2022-05-15
R751868,P10,U2363,1,poor excellent good excellent fast amazing slow poor good amazing,2020-08-09
R753242,P10,U827,1,good excellent poor good fast excellent slow amazing fast slow,2024-05-18
R755362,P10,U1189,4,good excellent bad amazing poor good excellent good bad fast,2022-04-30
R755531,P10,U1003,1,average average amazing fast good slow amazing poor slow average,2020-08-28
R755606,P10,U2093,2,good bad poor fast poor fast slow bad fast poor,2020-09-23
R756961,P10,U4911,5,average bad fast good good fast good slow amazing bad,2023-04-24
R757079,P10,U4564,5,amazing bad good slow bad poor amazing average fast average,2024-08-21
R757783,P10,U2219,1,slow amazing fast excellent good bad good fast amazing poor,2024-12-09
R757823,P10,U303,1,slow bad slow good bad good poor amazing amazing fast,2024-07-10
R757993,P10,U3685,1,poor good excellent bad excellent bad average average fast amazing,2022-07-20
R759428,P10,U4831,2,fast average excellent amazing good poor bad good excellent fast,2021-05-03
R759644,P10,U1390,3,fast amazing amazing poor excellent excellent good slow poor bad,2024-12-28
R761382,P10,U1920,3,fast fast fast bad bad average excellent bad bad average,2024-06-15
R763004,P10,U1741,3,excellent slow slow amazing slow poor slow poor bad slow,2025-01-16
R764468,P10,U433,1,average good bad bad excellent excellent average excellent average poor,2022-12-18
R765468,P10,U2165,5,excellent excellent excellent average bad slow excellent average poor poor,2022-12-17
R769901,P10,U2262,4,good excellent fast excellent bad poor excellent average amazing bad,2022-06-09
R770162,P10,U1874,5,slow good amazing fast poor average good poor amazing poor,2020-06-14
R771236,P10,U1024,5,bad bad average fast amazing fast amazing excellent slow fast,2022-04-07
R773267,P10,U560,4,average average bad good fast bad good poor amazing average,2024-08-27
R773678,P10,U2675,5,amazing average poor average average average average amazing average fast,2021-05-03
R775910,P10,U3067,5,average good good good good fast bad excellent fast fast,2021-05-13
R776495,P10,U4360,1,bad good excellent average slow fast average average average good,2020-08-14
R778129,P10,U365,1,slow poor good slow amazing amazing poor slow good fast,2024-01-14
R779829,P10,U2233,3,average fast bad fast excellent good slow amazing average bad,2020-07-14
R781250,P10,U1057,2,poor fast average average poor amazing average slow slow bad,2023-07-02
R782025,P10,U4730,5,excellent fast fast bad fast good slow slow bad bad,2023-09-13
R782281,P10,U49,2,amazing slow slow fast fast fast fast average average excellent,2022-12-25
R783035,P10,U4332,5,bad amazing average good good excellent slow bad poor amazing,2024-03-09
R783135,P10,U1078,5,excellent good good average good poor poor average poor bad,2025-02-28
R785604,P10,U1766,2,fast poor bad average bad amazing poor average amazing poor,2020-07-05
R785812,P10,U1630,2,slow bad bad fast good slow poor amazing average fast,2022-03-03
R786955,P10,U589,1,good slow fast slow bad average poor fast poor excellent,2023-08-07
R787497,P10,U2266,3,good fast good fast average poor bad excellent slow poor,2023-04-13
R788260,P10,U3600,2,amazing bad good bad excellent slow good fast bad good,2022-11-07
R789718,P10,U3181,1,good excellent fast slow excellent bad average bad excellent excellent,2022-09-28
R790718,P10,U2589,5,poor average average average bad slow amazing average amazing good,2020-04-23
R791879,P10,U4906,4,good amazing slow excellent average good excellent good poor average,2023-08-25
R793307,P10,U4851,1,slow fast amazing amazing average poor amazing poor bad fast,2024-06-15
R794396,P10,U2144,5,amazing average poor excellent bad average excellent average excellent excellent,2022-06-18
R794510,P10,U4917,2,average slow slow poor amazing average slow poor poor bad,2024-11-03
R795896,P10,U4504,4,good slow bad average good excellent average good excellent slow,2024-07-13
R796331,P10,U1483,3,amazing average poor excellent amazing excellent good fast excellent excellent,2023-01-11
R796773,P10,U3780,5,average poor slow bad average slow amazing excellent fast average,2023-04-10
R797263,P10,U2627,4,average bad average fast poor average average slow fast poor,2024-12-22
R797648,P10,U2264,2,fast fast slow amazing excellent fast slow bad average slow,2021-01-21
R799198,P10,U1612,1,poor average slow amazing excellent excellent average fast poor average,2025-06-08
R799470,P10,U3772,5,fast amazing good average average average slow good good excellent,2021-04-11
R800095,P10,U557,2,poor excellent fast good amazing average good excellent bad amazing,2024-06-23
R800716,P10,U543,4,slow average average bad fast fast average excellent average fast,2024-01-09
R801091,P10,U4288,2,average bad slow slow good fast bad poor poor average,2024-01-09
R801136,P10,U4895,4,average excellent slow good bad average average bad slow excellent,2024-07-08
R801357,P10,U1089,3,fast slow fast good bad fast poor good slow average,2023-12-01
R801650,P10,U2462,4,good bad fast poor bad poor bad good poor bad,2021-06-19
R802639,P10,U742,2,good slow average amazing good bad poor poor average good,2020-12-04
R802641,P10,U1804,4,good excellent slow bad good slow average excellent slow average,2024-07-12
R802889,P10,U1419,2,good poor good amazing good excellent poor average slow bad,2020-06-21
R803231,P10,U2531,3,excellent bad poor fast excellent poor average bad excellent slow,2022-04-19
R803332,P10,U4549,1,fast poor amazing bad bad bad good slow poor fast,2020-09-01
R803554,P10,U2186,5,excellent excellent bad poor average slow good slow good slow,2022-09-03
R803982,P10,U1411,3,bad fast amazing excellent average average excellent amazing poor good,2022-12-22
R804463,P10,U4889,4,poor poor poor fast average slow amazing amazing slow poor,2020-05-12
R804600,P10,U4841,5,bad fast excellent poor poor bad excellent poor bad excellent,2023-12-30
R805479,P10,U802,3,good average amazing poor average good good average average average,2024-11-16
R805772,P10,U3757,5,slow amazing bad excellent amazing amazing poor poor average excellent,2021-06-06
R805804,P10,U4211,1,slow bad good bad poor fast amazing average poor fast,2024-10-28
R806818,P10,U1118,4,poor poor average average good excellent poor amazing excellent poor,2022-05-09
R808049,P10,U4734,4,bad good good fast fast excellent poor bad good bad,2023-12-04
R810993,P10,U1433,2,average bad excellent poor fast bad amazing fast good average,2024-02-26
R812081,P10,U781,5,average good bad fast excellent slow poor bad amazing fast,2020-12-13
R814351,P10,U3052,3,poor slow slow excellent fast slow fast good good average,2023-07-24
R816972,P10,U2416,2,bad amazing excellent poor poor poor good amazing slow excellent,2024-10-29
R817764,P10,U3772,2,bad good fast average poor bad average poor amazing fast,2025-04-06
R819358,P10,U109,2,good poor fast excellent good amazing fast fast poor poor,2021-01-04
R822754,P10,U279,4,good amazing bad slow amazing amazing amazing fast bad amazing,2022-06-19
R822867,P10,U555,2,amazing average good amazing excellent excellent amazing slow poor bad,2024-04-27
R823506,P10,U1713,3,bad fast average good excellent fast bad bad poor poor,2021-05-27
R824556,P10,U571,3,poor poor amazing amazing good average excellent average good average,2021-01-21
R824812,P10,U4028,1,amazing average excellent bad average amazing slow poor excellent poor,2024-12-24
R824854,P10,U3833,5,bad poor good poor bad bad bad excellent excellent amazing,2024-07-20
R828387,P10,U3837,1,good bad good amazing average excellent fast amazing good good,2023-12-21
R828562,P10,U4368,3,poor good poor slow amazing excellent bad amazing excellent amazing,2020-06-21
R830211,P10,U4871,4,excellent slow poor bad excellent good fast bad fast slow,2024-01-28
R831332,P10,U3167,1,amazing amazing amazing poor good poor excellent amazing good slow,2021-01-14
R831721,P10,U4266,3,amazing fast average fast fast fast average fast amazing amazing,2022-09-19
R833099,P10,U3627,3,amazing bad slow average amazing slow excellent average average poor,2020-06-20
R835136,P10,U3840,4,bad excellent poor poor excellent bad good amazing amazing fast,2020-07-26
R835374,P10,U824,4,bad average poor average amazing poor fast bad excellent excellent,2020-03-10
R836380,P10,U3099,1,excellent average amazing fast bad poor good slow good poor,2025-05-06
R837043,P10,U2219,4,fast poor poor amazing fast good good fast bad bad,2025-03-21
R839217,P10,U4571,1,slow bad bad amazing poor excellent excellent average good excellent,2022-11-16
R840754,P10,U1524,5,good good poor slow slow poor amazing fast slow fast,2020-04-14
R841559,P10,U2146,3,bad bad bad amazing amazing poor excellent excellent poor amazing,2024-07-04
R843100,P10,U3997,3,poor good excellent slow fast bad slow slow good amazing,2020-08-04
R843660,P10,U3222,3,average poor fast excellent good excellent slow poor good fast,2022-04-27
R844912,P10,U182,2,good average good good amazing bad poor good average slow,2022-02-26
R847300,P10,U3960,4,amazing good fast poor poor excellent amazing fast bad slow,2022-10-13
R848283,P10,U600,5,fast excellent poor bad bad good bad good good fast,2025-05-29
R850044,P10,U3394,2,poor amazing bad good poor slow good bad slow slow,2020-05-23
R852474,P10,U4011,1,amazing bad good poor amazing good good bad excellent bad,2023-11-27
R852483,P10,U3236,2,average fast good good average average excellent good amazing slow,2022-01-21
R852820,P10,U3803,4,poor fast good fast slow fast slow amazing bad good,2024-05-24
R853729,P10,U469,1,amazing poor amazing excellent amazing poor excellent amazing average average,2024-05-11
R854124,P10,U1211,2,amazing slow average amazing fast average poor slow good poor,2020-03-16
R854636,P10,U4838,3,average poor amazing excellent amazing excellent good average fast excellent,2023-04-30
R854714,P10,U3187,1,good fast average good excellent average amazing average good poor,2022-07-01
R854872,P10,U2675,4,average excellent fast poor average fast fast excellent amazing good,2025-06-02
R855118,P10,U2221,4,excellent good excellent slow fast excellent bad slow excellent fast,2022-05-19
R855156,P10,U2917,5,slow amazing bad excellent slow amazing amazing excellent good average,2020-02-26
R855252,P10,U3573,2,average average fast slow average good average excellent average excellent,2025-02-12
R855503,P10,U2202,3,good amazing excellent poor good slow excellent excellent slow fast,2023-07-29
R857775,P10,U52,2,amazing good good good average fast slow average fast poor,2025-05-10
R858347,P10,U3259,3,amazing amazing good poor poor amazing poor excellent bad average,2024-04-13
R859863,P10,U3907,3,amazing poor slow fast amazing bad excellent poor bad slow,2022-04-17
R860621,P10,U4479,5,average average slow excellent slow amazing bad good fast excellent,2021-07-06
R862998,P10,U2589,1,average fast slow excellent slow good slow amazing good amazing,2024-04-22
R864226,P10,U333,1,slow fast excellent fast bad good slow amazing poor excellent,2020-04-10
R865670,P10,U2457,4,bad poor bad excellent bad average amazing amazing average excellent,2023-05-30
R867395,P10,U1711,3,poor amazing fast fast slow average excellent bad average slow,2023-10-11
R868621,P10,U148,1,amazing amazing excellent amazing fast good poor poor amazing amazing,2024-03-08
R869379,P10,U3952,3,bad average excellent amazing bad poor slow average excellent good,2021-12-04
R869704,P10,U82,2,bad slow average good fast slow amazing fast slow fast,2024-04-22
R870523,P10,U845,4,good bad excellent amazing excellent bad fast average fast good,2023-08-27
R871744,P10,U891,5,slow good bad bad excellent excellent good average good slow,2024-05-09
R871803,P10,U3321,1,amazing slow average fast average average poor average bad excellent,2024-06-20
R872204,P10,U4713,4,fast bad excellent excellent average slow good bad slow bad,2025-03-13
R873503,P10,U3346,3,good excellent bad fast fast bad poor slow bad slow,2023-02-11
R875156,P10,U2788,4,poor amazing slow amazing average poor fast average fast average,2022-07-19
R876191,P10,U4368,4,amazing average fast slow fast fast slow average amazing good,2023-09-13
R876775,P10,U1541,2,poor good average fast good fast amazing slow fast fast,2021-05-20
R878580,P10,U3281,3,amazing bad poor good slow excellent good fast slow slow,2023-08-20
R878779,P10,U807,1,fast bad amazing slow average poor fast slow poor amazing,2023-07-03
R879570,P10,U4037,4,poor average poor bad poor bad fast slow bad fast,2025-05-22
R880027,P10,U151,1,bad amazing fast fast slow average slow poor poor fast,2022-12-16
R884341,P10,U1465,1,amazing fast good average slow slow excellent average slow average,2023-11-14
R887195,P10,U3078,2,bad average average excellent poor bad excellent good poor poor,2023-10-12
R887817,P10,U1350,4,average excellent slow poor excellent excellent fast fast slow poor,2025-06-20
R888867,P10,U434,4,average bad average amazing bad bad average excellent excellent poor,2020-02-23
R888997,P10,U4525,2,average fast amazing poor bad slow slow slow fast slow,2023-09-08
R889159,P10,U2666,3,fast amazing average poor amazing excellent good fast slow fast,2020-09-04
R893820,P10,U1027,1,amazing fast average good poor slow good excellent bad bad,2021-04-15
R895352,P10,U4703,2,good amazing good fast poor slow amazing bad fast average,2023-01-26
R896486,P10,U210,5,bad average amazing average amazing excellent average excellent slow average,2020-03-27
R896711,P10,U4167,3,excellent fast fast excellent excellent fast amazing good fast amazing,2021-06-05
R896743,P10,U3105,2,average amazing excellent amazing poor good good bad poor poor,2020-05-15
R898698,P10,U4493,5,bad amazing bad fast bad excellent average poor poor amazing,2023-11-01
R901974,P10,U3633,2,slow bad amazing good slow poor average average good bad,2024-03-18
R902411,P10,U1808,2,slow amazing fast excellent bad slow poor fast fast fast,2024-11-10
R902869,P10,U4967,3,poor average good slow good excellent good poor good excellent,2023-04-04
R904557,P10,U1142,5,fast poor excellent average amazing fast fast average amazing fast,2022-05-26
R904859,P10,U3402,4,average amazing bad excellent good average bad bad bad amazing,2023-09-03
R905512,P10,U2044,1,excellent fast fast poor bad bad bad amazing excellent excellent,2025-06-21
R905786,P10,U2236,4,good excellent amazing slow slow fast amazing fast amazing poor,2024-12-01
R906064,P10,U4812,3,good slow slow average slow bad good average poor amazing,2023-07-02
R907283,P10,U1041,3,slow amazing poor good average amazing good poor fast average,2022-11-25
R908907,P10,U1849,5,amazing excellent excellent excellent bad fast fast amazing average slow,2023-11-21
R909253,P10,U2893,3,average fast amazing average average bad average good poor bad,2020-11-15
R910962,P10,U1956,3,slow slow bad fast average bad bad poor poor excellent,2024-05-29
R911817,P10,U95,2,fast average slow bad fast slow fast good poor excellent,2022-05-02
R913169,P10,U2830,1,excellent good amazing good bad excellent average bad amazing fast,2022-05-09
R914069,P10,U4615,4,poor average slow good poor poor good excellent slow amazing,2025-02-22
R919917,P10,U4178,2,poor fast average poor amazing amazing slow amazing poor slow,2023-04-29
R921062,P10,U3652,4,poor fast poor fast fast excellent bad average bad bad,2020-04-23
R921429,P10,U486,3,excellent excellent poor poor fast fast average slow amazing poor,2023-12-01
R927117,P10,U3546,3,amazing bad excellent amazing good average poor bad slow good,2020-04-09
R927121,P10,U4105,3,average poor slow fast excellent fast amazing excellent slow slow,2020-04-22
R928645,P10,U3060,5,amazing good amazing bad amazing poor poor fast amazing good,2022-06-22
R928809,P10,U856,2,good fast bad good excellent poor good good good slow,2023-12-07
R929560,P10,U2659,4,excellent excellent bad amazing good fast fast fast good poor,2020-01-19
R930203,P10,U1493,1,slow good slow fast fast fast slow slow fast slow,2024-06-20
R931022,P10,U354,5,fast bad good amazing excellent good excellent amazing bad fast,2022-10-18
R931803,P10,U4132,4,average amazing fast amazing good fast poor slow good slow,2022-07-08
R932795,P10,U3228,5,excellent good amazing excellent good amazing slow slow average good,2020-05-20
R933397,P10,U3955,2,good amazing average fast slow slow bad excellent bad average,2025-03-03
R934582,P10,U1194,5,amazing bad slow average slow good amazing good bad slow,2020-06-05
R934596,P10,U3088,1,amazing amazing excellent poor poor slow poor slow average poor,2023-05-12
R935023,P10,U2669,2,amazing average slow bad slow good fast slow average bad,2021-12-21
R935495,P10,U4585,1,good slow average fast excellent good average bad good slow,2023-06-24
R935722,P10,U107,3,bad poor bad good good good average good average bad,2020-07-21
R936038,P10,U239,4,bad excellent slow excellent average fast good good average amazing,2024-12-06
R938227,P10,U4874,3,poor slow average good excellent poor excellent bad fast good,2024-03-21
R938895,P10,U1431,5,good excellent bad slow poor fast excellent bad poor good,2020-12-22
R941431,P10,U4157,4,average excellent average average amazing amazing amazing bad poor good,2020-11-30
R942491,P10,U2579,1,fast fast excellent fast poor amazing average poor excellent fast,2023-09-09
R943448,P10,U1962,4,excellent average slow amazing excellent bad slow slow bad slow,2024-03-08
R943518,P10,U4144,1,bad excellent slow excellent average good good good poor average,2024-10-19
R945876,P10,U3797,5,excellent fast amazing average bad slow poor poor poor poor,2024-08-15
R947359,P10,U2780,4,fast average poor slow bad bad average excellent excellent slow,2023-07-29
R948769,P10,U2127,3,amazing bad poor fast average good excellent fast amazing poor,2025-02-27
R948915,P10,U1836,3,fast average fast average excellent average average amazing average good,2020-12-23
R953220,P10,U3334,5,amazing excellent excellent poor fast slow average excellent amazing excellent,2021-04-10
R954887,P10,U3735,3,average excellent poor slow poor excellent amazing excellent bad good,2022-04-16
R960080,P10,U1635,3,amazing fast amazing excellent average slow excellent slow bad amazing,2021-12-31
R960115,P10,U3247,2,poor amazing fast bad good slow slow slow poor excellent,2024-12-04
R961288,P10,U264,2,average excellent excellent excellent poor slow excellent bad fast excellent,2022-01-25
R962517,P10,U3315,1,poor amazing poor slow bad average good bad bad bad,2025-03-28
R963444,P10,U1278,4,good slow average excellent slow amazing fast good excellent slow,2022-12-24
R964536,P10,U3006,1,good fast average slow average bad amazing good excellent excellent,2022-03-22
R966178,P10,U2063,1,excellent amazing excellent amazing poor excellent amazing bad average fast,2022-08-30
R967378,P10,U3352,3,good excellent excellent amazing bad fast excellent amazing fast poor,2023-05-04
R970053,P10,U1930,3,bad excellent excellent bad average excellent excellent bad bad bad,2020-04-01
R971046,P10,U4230,1,amazing excellent good amazing fast average poor bad bad average,2021-02-17
R973849,P10,U1793,2,amazing amazing good average excellent amazing amazing fast average good,2023-07-03
R974600,P10,U2999,3,fast slow average bad good good slow excellent excellent bad,2025-05-15
R974740,P10,U1095,3,poor fast fast amazing fast fast excellent bad excellent poor,2022-05-29
R975021,P10,U3163,4,average excellent slow fast poor amazing average poor poor average,2020-02-21
R977171,P10,U301,3,bad good poor average good bad slow bad bad fast,2023-09-10
R979449,P10,U512,1,average good good slow good bad good amazing fast amazing,2021-08-15
R980145,P10,U4432,3,fast poor amazing fast bad average amazing slow average average,2025-01-06
R980320,P10,U3918,5,average slow bad average bad good excellent amazing slow good,2022-03-17
R981176,P10,U4655,3,slow good good slow excellent slow average slow slow amazing,2024-09-04
R981253,P10,U3107,5,average slow good poor excellent bad average poor bad average,2020-09-07
R981833,P10,U2034,3,poor fast excellent fast fast excellent average amazing excellent good,2022-09-15
R982336,P10,U1842,2,bad poor fast bad slow slow amazing good amazing average,2025-06-01
R983278,P10,U4686,2,slow poor excellent amazing slow good fast bad amazing poor,2023-11-14
R984615,P10,U3362,5,excellent fast excellent bad poor poor bad bad excellent slow,2023-03-19
R985364,P10,U4390,1,poor excellent bad fast amazing excellent amazing fast fast fast,2020-02-21
R986538,P10,U4870,1,excellent slow bad poor excellent slow excellent slow amazing poor,2022-03-05
R989522,P10,U1607,5,fast poor good fast average poor poor slow average fast,2022-03-29
R990882,P10,U4614,2,average fast excellent poor bad good average slow amazing poor,2024-05-18
R991243,P10,U3501,5,bad slow bad fast slow slow excellent fast average fast,2023-01-09
R992131,P10,U4040,1,average good good good fast bad slow poor poor slow,2022-05-31
R994202,P10,U841,1,amazing excellent average average average good amazing fast fast average,2021-12-20
R994412,P10,U4492,3,bad amazing amazing average slow poor slow bad poor amazing,2020-12-24
R994714,P10,U728,2,average fast poor good amazing amazing fast slow bad poor,2022-09-01
R995788,P10,U1221,1,amazing bad slow slow good bad amazing good fast excellent,2024-06-01
R997982,P10,U2925,2,good average poor excellent bad average slow amazing good excellent,2020-11-15
R999263,P10,U2089,4,amazing bad slow good bad poor excellent average bad excellent,2023-08-14
